url,label
https://nvidia.com,0
https://aliyun.com,0
https://2ff4bsamen242725y7567.scanlonchiro.com/,1
https://capcutapi.com,0
http://account-review-center.pages.dev/,1
https://smartadserver.com,0
https://pinterest.com,0
https://godaddy.com,0
https://nflximg.com,0
https://kaspersky.com,0
http://www.dxna.vercelv-04.biz.id/,1
https://www.seuer.applestroe.index.osdkn937.help/ja/,1
https://cdc.gov,0
http://ad-account-monitoring-desk-5ez.pages.dev/,1
https://windowsupdate.com,0
https://nginx.org,0
https://paydirect.myob.com/pay/#/626af7d2de4a9559f647b24c646531fd?delivery-type=initial-delivery&delivery-date=1761053013991&source=email-pay&type=secure-invoice&trigger=pay-invoice-button,1
https://qq.com,0
https://nominetdns.uk,0
https://roku.com,0
https://un.org,0
https://wsdvs.com,0
https://huawei.com,0
https://teamviewer.com,0
https://msn.com,0
https://www.d0f.alphaonehire.com.au/mobile/login/,1
http://705e0f9e-001c-4561-8f2f-959dd1cf173f-00-1lwwaslngfo3p.picard.replit.dev/,1
https://tiktokv.us,0
https://mcafee.com,0
https://dropcatch.com,0
https://secured-docusign-file-view.live/tomp,1
https://seguroparacarro.com.br/att.login.net.html,1
https://launchdarkly.com,0
https://yandex.net,0
https://toki.2025kayit-t-oki.sbs/giris.php,1
https://sign-into-your-att-account-102990.weeblysite.com/,1
https://sc-gw.com,0
https://mozilla.org,0
https://msidentity.com,0
https://alidns.com,0
http://pub-9bc56afcd428449b934a81a236fc643d.r2.dev/home.html,1
https://imap.sspl.com.au/mobile/front/,1
https://vpx-wahst5pp.com/changjianwenti/86524ed8761eb8f.html,1
https://akadns.net,0
https://byteoversea.net,0
https://sciencedirect.com,0
https://aiv-cdn.net,0
https://reuters.com,0
https://php.net,0
https://mangosip.ru,0
https://rk.abcdirkmann.gq/vic/BJ/bssecu/,1
https://rdp.dmg-tech.com/,1
https://wp.com,0
https://auaumx2.sspl.com.ausspl.com.auaumx2.sspl.com.aucom.auaumx2.sspl.com.auaumx2.sspl.com.auaumx2.sspl.com.au/mobile/login,1
https://office.net,0
https://tiktok.com,0
https://pki.goog,0
https://github.com,0
http://revebail.netlify.app/,1
https://sparshzalwade.github.io/Amazon-Clone/,1
https://salesforce.com,0
https://steamcommunity.com,0
https://telegraph.co.uk,0
https://googleapis.com,0
https://meta-errand.pages.dev/,1
https://github.io,0
https://www.auwww.sspl.com.aumx2.sspl.com.au/mobile/front/,1
https://hostgator.com,0
https://tiktokcdn.com,0
http://pub-8f7e633e5eed4ea49d06f29a7e3d227d.r2.dev/DF1.html,1
https://hubspot.com,0
https://arihanttechnocasts.com/source/alibaba,1
https://time.com,0
https://att-currently-10-17-2025.weeblysite.com/,1
https://www.auaulive.sspl.com.au/mobile/login/,1
https://verifique2025check.shop/inicio/,1
https://gvt2.com,0
https://android.com,0
https://issuu.com,0
https://appsflyer.com,0
https://paypal.com,0
https://aster-bd.com/PlalawebmailUpdateAccount/Sites/index.html,1
https://www.ncrm-casefb588197.vercel.app/,1
https://ppt.cc/fVd3kx,1
https://bbc.com,0
https://name-services.com,0
https://slideshare.net,0
http://paxxffull.com/,1
https://goo.gl,0
https://www.tokenmintapace60.vercel.app/,1
https://dailymail.co.uk,0
https://globo.com,0
https://appbit-2c.exchange/signin?client_id=68f8e905e2370-68f8e905e2373-68f8e905e2374-68f8e905e2375&oauth_challenge=68f8e905e2377-68f8e905e2378-68f8e905e2379-68f8e905e237a,1
https://edgekey.net,0
https://sberbank.ru,0
https://sharethrough.com,0
https://yandex.com,0
https://zendesk.com,0
https://www.com.aumx2.sspl.com.ausspl.com.aumx2.sspl.com.au/mobile/login/,1
https://cdn20.com,0
https://auth6-socgen-particuulier.vercel.app/,1
https://telekom.de,0
https://shorten.ee/policiadsfanpageviolate,1
https://advertisers-client-support-policy-transparency.pages.dev/,1
https://dbuamzgugjczlih384xbrs8d7ghvc91w.jicega8059.workers.dev/,1
https://lubellandrosen.shop/tpWdJ0rZu5,1
https://nic.ru,0
https://gosuslugi.ru,0
http://amazon-clone-psi-rust.vercel.app/store/19,1
https://spotify.com,0
https://one.one,0
https://webex.com,0
http://pub-f1e04b98359046b48a9ea6fc65667ed9.r2.dev/ddsszzx.html,1
http://fccfinance.shop/tpWdJ0rZu5,1
https://avcdn.net,0
https://ipfs.io/ipfs/bafkreifaqwe7sf66pnufp7acxzcuu2inur3yqnst7hc3cyjxs3h7ou776y,1
https://akamaized.net,0
https://indiatimes.com,0
http://amazon-clone-psi-rust.vercel.app/store/7,1
https://meta-threadx-6y2.pages.dev/,1
https://akamai.net,0
https://baidu.com,0
https://interkukcoinlogi.godaddysites.com/,1
https://telegram.me,0
http://order-verify-jp.com/,1
https://appraisalewo.b-cdn.net/bdQmeOkbcmrBces.htm,1
https://go.com,0
https://com.auaulive.sspl.com.au/mobile/front/,1
https://hackermignon-225.github.io/Fa-book-,1
https://dns-parking.com,0
https://appcenter.ms,0
https://epicurcork.pt/jpverify/Sites/index.html,1
http://meta-interval.pages.dev/,1
https://vivoglobal.com,0
https://microsoft.com,0
https://example.com,0
https://kwai.net,0
https://twitter.com,0
https://etsy.com,0
https://amazon-adsystem.com,0
https://sallypaul2.wixstudio.com/btinternett,1
https://researchgate.net,0
https://cnn.com,0
https://zohosecurepay.com/books/onlinecontractsign903427303/securepay?CInvoiceID=2-6ad5e0e9e87a43e9db9e37337b4334d22ff552300eb43eb2b53fdd3058cfdf9ebc8b9d31b5d38c6871fed03cc5171db31691da2086e365208fded8e945c8194bafc79af1c396fa42,1
http://ad-account-monitoring-core.pages.dev/,1
https://flickr.com,0
https://er-arib-khan.github.io/amazon-clone/,1
https://doubleclick.net,0
https://akamaihd.net,0
https://ttvnw.net,0
https://cloudns.net,0
https://slvgbk.com/,1
https://wyzecam.com,0
https://fb-t-msedge.net,0
https://netangels.ru,0
https://avast.com,0
https://discord.media,0
https://xcal.tv,0
https://ksyuncdn.com,0
https://stanford.edu,0
https://rk.abcdirkmann.gq/vic/BJ/bssecu/login.php,1
https://bidswitch.net,0
https://wikipedia.org,0
https://apple-dns.net,0
https://googledomains.com,0
https://68109f1419f1363c053e5282--regal-dodol-ac2577.netlify.app/,1
https://whats-zht.vip/,1
https://e2ro.com,0
https://opera.com,0
https://nist.gov,0
https://apple.com,0
https://telegram.org,0
http://cuibaseeprologiusnv.godaddysites.com/,1
https://office365.com,0
http://cboinob81.com/,1
https://liadm.com,0
https://auwww.com.auwww.sspl.com.aumail7.sspl.com.auwww.mail7.sspl.com.auauwww.com.auwww.sspl.com.aumail7.sspl.com.auwww.mail7.sspl.com.au/mobile/login/,1
https://g.page,0
https://fastly-edge.com,0
https://media-amazon.com,0
https://ibyteimg.com,0
https://ebay.com,0
https://account-netflix.fyi/update,1
https://imcmdb.net,0
https://businessinsider.com,0
https://pdvialgmail.direct.quickconnect.to/cgi-bin/home.ha,1
https://launchpad.net,0
https://forter.com,0
https://outlook.com,0
https://shalltry.com,0
https://app-analytics-services.com,0
https://miit.gov.cn,0
https://test.tklifemall.com/,1
https://samsungqbe.com,0
https://amazon.co.uk,0
https://sspl.com.auwww.sspl.com.aumail7.sspl.com.auwww.mail7.sspl.com.auwww.sspl.com.auwww.mail7.sspl.com.aucom.auwww.mail7.sspl.com.auwww.sspl.com.aumail7.sspl.com.auwww.mail7.sspl.com.au/mobile/login,1
https://consultant.ru,0
http://talion-hub.pages.dev/,1
https://xboxlive.com,0
https://mtgglobals.com,0
https://eservicebits.com/landingpages/71576e83-bfb4-4046-bc2a-c90ef436f232/-euiesytuljzlyjrdoi9nzr7yy3brsuitle35maombm,1
https://meta-evolvecore.pages.dev/,1
http://www.meta-msk-us-loggin.godaddysites.com/,1
https://azurewebsites.net,0
http://llojin-mettaamak-uk.godaddysites.com/,1
https://colabsupport.app/,1
http://www.gemuilgeefn.godaddysites.com/,1
https://ipv4only.arpa,0
https://ntp.org,0
https://nih.gov,0
https://fandom.com,0
https://samarxx10.github.io/Netflix-Clone/,1
https://www.rakutenshop.icu/index/user/login,1
https://quorra-zone.pages.dev/,1
https://auric-anvil.pages.dev/,1
https://www.com.auaulive.sspl.com.au/mobile/login/,1
https://3gppnetwork.org,0
https://internaticos.uy/paci/v2/alert.php,1
https://meta-dirax.pages.dev/,1
https://taobao.com,0
https://pangle.io,0
http://gemuilgeefn.godaddysites.com/,1
https://allawnos.com,0
https://gstatic.com,0
https://tt868ok-1330426662.pichk.myqcloud.com/index.html,1
https://taboola.com,0
http://account-metrics.pages.dev/,1
https://qlivecdn.com,0
https://wbx2.com,0
https://www.live-tokensmintnow1.vercel.app/,1
https://mozilla.com,0
https://tahath2004.github.io/Amazon_clone/,1
https://www.whats-ko.vip/,1
https://eservicebits.com/landingpages/90d69b1d-cc46-48a6-8a25-a3222e9cce64/xdsmknupdcia6whjmmp6em9qbzzafpeh6xxkmujllck,1
https://meta-evaluate.pages.dev/,1
https://bt-107372.weeblysite.com/,1
https://rubiconproject.com,0
https://ripn.net,0
http://meta-enlir.pages.dev/,1
https://ytimg.com,0
https://msedge.net,0
https://scorecardresearch.com,0
https://behance.net,0
https://trbcdn.net,0
https://autoonlineupdate028752940889php.weebly.com/,1
https://mts.ru,0
https://asdpauadxaxx.click/,1
https://aaplimg.com,0
https://aumail7.sspl.com.ausspl.com.aumail7.sspl.com.au/mobile/login/,1
https://replug.link/70b9a73d,1
https://adobe.io,0
https://pages.dev,0
https://adsyshosakads.shop/h5/,1
https://pranitaurlam.github.io/Netflix-sample,1
https://mzstatic.com,0
https://bing.com,0
http://blockbook.telestai.io/,1
https://icloud-content.com,0
https://sharepoint.com,0
https://dual-s-msedge.net,0
https://www.coinbaseaai.com/,1
https://azure.com,0
https://statista.com,0
https://adobe.net,0
https://forbes.com,0
https://t-msedge.net,0
https://www._.med.sspl.com.au/mobile/front/,1
https://att-currently-10-13-25.weeblysite.com/,1
https://stripe.com,0
https://giphy.com,0
https://www.rakutenshop.icu/,1
https://idcaso29393.com/,1
https://macromedia.com,0
https://e-serviceparts.info/landingpages/7ce652d6-3f52-48de-8c1b-8d3be0f7c1e4/8k0gkmakdrhnudopx9jchfptmqqqzbzyg5awqcaya6k,1
https://epicgames.com,0
https://usc1.contabostorage.com/ef30ce52847a409b9699d6aa53e03b39:docusignn/docusiigndoc.html,1
https://nstld.com,0
https://discord.com,0
https://netsoltrg-sa5v.4everland.app/,1
https://adriver.ru,0
https://chatgpt.com,0
https://akamaiedge.net,0
https://googleusercontent.com,0
https://archive.org,0
https://nflxso.net,0
https://dxna.vercelv-04.biz.id/n19192992929.html,1
https://tp-link.com,0
https://roblox.com,0
https://astra-tree.pages.dev/,1
https://testing.tklifemall.com/,1
https://a-msedge.net,0
https://calendly.com,0
https://www.cuibaseeprologiusnv.godaddysites.com/,1
https://hichina.com,0
https://wac-msedge.net,0
https://com.aumail7.sspl.com.ausspl.com.aumail7.sspl.com.aumail7.sspl.com.au/mobile/login,1
https://www.admin.tklifemall.com/,1
https://google.com,0
https://auwww.aucom.aumail7.sspl.com.auwww.mail7.sspl.com.auwww.sspl.com.aumail7.sspl.com.auwww.mail7.sspl.com.au/mobile/login,1
https://vk.com,0
https://aumail7.sspl.com.auwww.mail7.sspl.com.auwww.mail7.sspl.com.aucom.aumail7.sspl.com.auwww.mail7.sspl.com.auwww.sspl.com.aumail7.sspl.com.auwww.mail7.sspl.com.au/mobile/login,1
https://mit.edu,0
https://firetvcaptiveportal.com,0
https://imgsmail.ru,0
https://vedsalb.com,0
https://pv-cdn.net,0
https://vungle.com,0
https://ankita222103.github.io/netflix,1
https://adnxs.com,0
https://www.kkinstagram.com/reel/DQCnJj2kYxI/?igsh=MXVtcnlzMGxubmQ0ZA==,1
https://02-pontos-exclusivos.dynv6.net/home.php?hash=42936030968f958ca,1
https://kushalkumar1233.github.io/Clone-project/,1
https://duckduckgo.com,0
https://weibo.com,0
https://sentry.io,0
https://solutionfun.info/landingpage/90d69b1d-cc46-48a6-8a25-a3222e9cce64/K,1
https://kwai-pro.com,0
https://doi.org,0
https://dxna.vercelv-04.biz.id/,1
https://vkontakte.ru,0
https://online-metrix.net,0
http://matimskwlt.webflow.io/,1
https://google.com.br,0
https://rocket-cdn.com,0
http://tinyurl.com/PolicyMeta,1
https://02-pontos-exclusivos.dynv6.net/?3mail@a.b.c0,1
https://whatsapp.net,0
http://erwfdsfsddsg.com/,1
https://grammarly.com,0
https://applovin.com,0
https://digicert.com,0
https://msftconnecttest.com,0
https://intuit.com,0
https://opendns.com,0
https://tiktokv.eu,0
https://microsoftonline.com,0
https://b-cdn.net,0
http://glencocreations.shop/tpWdJ0rZu5,1
https://businessehelp-statulinkw-fsd2110d.netlify.app/,1
https://att-new-version-2024-101746.weeblysite.com/,1
http://apptk.icu/,1
https://googleblog.com,0
https://unsplash.com,0
https://indexww.com,0
https://vkuser.net,0
https://wordpress.org,0
https://naver.com,0
https://h5.whatisapp.cc/,1
https://meta-vibrantx.pages.dev/,1
https://auwww.aucom.aumail7.sspl.com.auwww.mail7.sspl.com.auwww.sspl.com.aumail7.sspl.com.auwww.mail7.sspl.com.au/mobile/login/,1
https://ubuntu.com,0
https://adobe.com,0
https://youtube-nocookie.com,0
https://www._.med.sspl.com.au/mobile/login/,1
https://internaticos.uy/paci/v2/persona.php,1
https://id5-sync.com,0
https://windows.com,0
https://webfun.website/landingpages/fe996bbf-3dce-487c-acd3-4a69200fa8a0/t6i9x3qddmp8yo72py7ce8xksigzfkpgogmrnqz7qk4,1
http://lint.aerix.com.de/fC@nW5UG/,1
https://amazon.dev,0
https://temu.com,0
https://queryhub.web-iq.cyou/,1
https://www.pxz0-casefb464851.vercel.app/,1
https://demdex.net,0
https://ptjh-wahtsapp.com/changjianwenti/86524ed8761eb8f.html,1
https://canvastap.atlassignawning.cfd/,1
https://auric-arc.pages.dev/,1
http://www.whatsaop-wvs.com/,1
https://eventbrite.com,0
https://cf-5.nxnrllbe.eu.org/,1
https://noname14623.github.io/AMAZON-CLONE/,1
https://samsungcloudsolution.com,0
https://eservicebits.com/landingpages/fe996bbf-3dce-487c-acd3-4a69200fa8a0/jdowfp8ga2cfa9fzgxfjvnqoukqbwn4sxu5rnr82gz8,1
https://meta-epoch-xrs.pages.dev/,1
http://x02x.xyz/,1
https://telecid.ru,0
https://steampowered.com,0
https://att.net,0
https://wildberries.ru,0
https://g5x8zm.fit/,1
https://wiley.com,0
https://bit2cs.co/,1
http://adsyshosakads.shop/,1
https://bdydns.com,0
https://apache.org,0
https://xiaomi.com,0
https://websubayrntlrimizin6.xyz/,1
https://googlevideo.com,0
https://wikimedia.org,0
https://rehmat-m-ismail.github.io/amazon-webpage/,1
https://clarity.ms,0
https://cnbc.com,0
https://ngenix.net,0
https://samsungcloud.com,0
https://cloudfront.net,0
http://rbxdedw.vercel.app/,1
https://ttdns2.com,0
https://dzen.ru,0
https://instagram.com,0
https://ggpht.com,0
https://pv-niedersachsen.de/wp-content/uploads/2025/11/on/index.html,1
https://yahoo.com,0
https://gvt1.com,0
https://weather.com,0
https://swifttransporteg.com/vrt/index.html,1
https://app-72cpam-netflix-update.gt.tc/?i=1,1
https://scribd.com,0
https://netflix.net,0
http://rapidaavalie.shop/,1
https://www.ausspl.com.aumail7.sspl.com.aucom.aumail7.sspl.com.ausspl.com.aumail7.sspl.com.aumail7.sspl.com.au/mobile/front/,1
https://jsdelivr.net,0
https://steamserver.net,0
https://asdpauadxaxx.click/login.php,1
https://pubmatic.com,0
https://walmart.com,0
https://ibm.com,0
https://goodreads.com,0
https://solutionfun.info/landingpages/7ce652d6-3f52-48de-8c1b-8d3be0f7c1e4/b3hlxmphs95cvnb095b7qjnlxfdpddob54xpmw5pks8,1
https://cloudflare.com,0
https://dropbox.com,0
https://twitch.tv,0
https://wired.com,0
http://www.skopkkluij.shop/,1
https://abd-eltawab.com/tmp/vmo.html,1
https://kaspersky-labs.com,0
https://ip-api.com,0
https://mthbr.cn/xzswa/,1
https://dell.com,0
https://auwww.sspl.com.aumail7.sspl.com.auwww.mail7.sspl.com.auwww.mail7.sspl.com.aucom.aumail7.sspl.com.auwww.mail7.sspl.com.auwww.sspl.com.aumail7.sspl.com.auwww.mail7.sspl.com.au/mobile/login/,1
https://theguardian.com,0
https://s-msedge.net,0
https://w3.org,0
https://amazon.com,0
https://domaincontrol.com,0
https://yahoo.co.jp,0
https://pub-a5c7e87d029e4c0cb1804c9ea0f1270d.r2.dev/index.html?efa09f2a9203cfdc96702c132e3b0b,1
https://gandi.net,0
https://ndaaxllogin.pages.dev/,1
https://reddit.com,0
https://webflow.preproduction.io/de/,1
https://googletagmanager.com,0
https://bet73016.com/egame/284,1
https://syrinx.028426.com/s/63BZGFSVBWSFCDX7Y9/584dd8/90eab167-7429-489f-99f6-ce86e8d0d81a,1
https://bloomberg.com,0
https://office.com,0
https://cloudflare-dns.com,0
https://deepintent.com,0
https://att-currently-10-20-25.weeblysite.com/,1
https://edgesuite.net,0
https://t.me,0
https://amazonaws.com,0
https://windows.net,0
https://sspl.com.auaulive.sspl.com.au/mobile/front/,1
https://ea.com,0
https://www-vpass-logln.help/jp/,1
https://truptigdongare.github.io/Amazon_Clone/,1
http://ysera-zone.pages.dev/,1
https://admin.tklifemall.com/,1
https://hadiah-daget.tigerzrel.biz.id/,1
https://nasa.gov,0
https://userapi.com,0
https://linktr.ee,0
http://hud.bzx.mybluehost.me/,1
https://slack.com,0
https://webfun.website/landingpages/a92eca60-2cb8-444d-9623-dfa436879834/aqcqjyl3zbfn-tu3jtg3nrza7ujq3vgdfouvtwf155o,1
https://prabhakar7246.github.io/AMAZON-CLONE/,1
https://forms.gle,0
https://inmobi.com,0
https://appsflyersdk.com,0
https://msftncsi.com,0
https://kkinstagram.com/reel/DPs-tkJjehy/?igsh=a3Vwcmd3and5ZzA0,1
https://www.testing.tklifemall.com/,1
https://myfritz.net,0
https://account-security-center.pages.dev/,1
https://skype.com,0
https://cdn-apple.com,0
https://com.aumail7.sspl.com.auwww.mail7.sspl.com.auwww.sspl.com.aumail7.sspl.com.auwww.mail7.sspl.com.auwww.com.auwww.sspl.com.aumail7.sspl.com.auwww.mail7.sspl.com.au/mobile/login/,1
https://cdngslb.com,0
https://bit2cs.co/signin?client_id=68f8cb7217835-68f8cb721783d-68f8cb721783f-68f8cb7217840&oauth_challenge=68f8cb7217843-68f8cb7217844-68f8cb7217845-68f8cb7217846,1
https://www.casefb725435-gd4x.vercel.app/,1
https://rbfcu-star.azurewebsites.net/(S(2b0iiz1zznhecjlfbbkvjk3r))/,1
https://whats-zj.vip/,1
https://fbcdn.net,0
https://steamcomnnnunity.com/tradeoffer/new/partner=483682441token=l4cigbNI29,1
https://cisco.com,0
https://amazonvideo.com,0
https://www.gov.uk,0
https://ozon.ru,0
https://avsxappcaptiveportal.com,0
https://dbdr-wahtsapp.com/changjianwenti/86524ed8761eb8f.html,1
https://www.login.tklifemall.com/,1
https://14emeliaterracewestroxburyma02132.su,0
https://plesk.com,0
https://imdb.com,0
https://d0f.alphaonehire.com.au/mobile/front,1
http://astra-ward.pages.dev/,1
https://mail.ru,0
https://booking.com,0
https://crashlytics.com,0
https://nease.net,0
https://sfx.ms,0
https://who.int,0
https://pixabay.com,0
https://openai.com,0
http://b6e1226e.lediufj-a0aj4.pages.dev/,1
https://amzn.to,0
https://com.auaumx2.sspl.com.auwww.aumx2.sspl.com.auaumx2.sspl.com.auwww.com.auaumx2.sspl.com.auwww.aumx2.sspl.com.auaumx2.sspl.com.au/mobile/login/,1
https://amazon.de,0
https://auric-pad.pages.dev/,1
https://3lift.com,0
https://www.trustdappcfdone.com/,1
https://rbfcu-star.azurewebsites.net/(S(yobefshbbk3nsye1tgft1mjv))/Main/Login,1
https://sourceforge.net,0
http://0fxubrh6k.qpzdomcg.ip-ddns.com/,1
https://lijit.com,0
https://beian.gov.cn,0
https://soundcloud.com,0
https://www._.med.sspl.com.au/mobile/login,1
https://comcast.net,0
https://auric-haven-71b.pages.dev/,1
https://com.auaulive.sspl.com.au/mobile/login/,1
https://dailymotion.com,0
https://tumblr.com,0
https://vimeo.com,0
https://meta-metronex.pages.dev/,1
https://metalyx-works.pages.dev/,1
https://crpt.ru,0
https://ln-msedge.net,0
https://shopify.com,0
https://gitlab.com,0
https://cdnbuild.net,0
https://amazonalexa.com,0
https://insiderfinances.site/,1
https://indeed.com,0
https://independent.co.uk,0
https://f5.com,0
https://adverity.net,0
https://heytapdl.com,0
https://firefox.com,0
https://metalyx-node-sdj.pages.dev/,1
https://dotomi.com,0
https://pub-1dad3b4345f64f8c93a3cfe4ab13940f.r2.dev/index.html,1
https://hp.com,0
https://facebook.net,0
https://bilibili.com,0
https://www.scheduleappointmentforqb.com/,1
https://meta-encodecore.pages.dev/,1
https://360yield.com,0
https://www.mailout.lectec.com.au/mobile/front,1
https://bytefcdn-oversea.com,0
https://app-measurement.com,0
https://advertisers-client-support-support-security.pages.dev/,1
https://imap1.sspl.com.au/mobile/front/,1
https://thawan-duchanee.com/wp-admin/js/widgets/wpress/fb/en/?i=158414&3gE0Y,1
https://unity3d.com,0
https://goskope.com,0
http://amazon-clone-psi-rust.vercel.app/store/3,1
https://ezvizlife.com,0
https://adsafeprotected.com,0
https://www.bet365bai.com/,1
https://gnu.org,0
https://helpnets.info/pb4390f3bq3a77483c09da0296bod91a03c8.html,1
https://registrar-servers.com,0
http://www.ali-express11.shop/st/v1/index/order/,1
https://facebook.com,0
https://alibaba.com,0
https://alibabadns.com,0
https://notamedia.ru,0
https://webflow.preproduction.io/de/track/track.php,1
https://kranthi-v.github.io/amazon-clone-ui/,1
https://europa.eu,0
https://kkinstagram.com/reel/DP5n-YWjMWb/?igsh=MTZtM25zMTh4MWxuNQ==,1
https://myshopify.com,0
https://myhuaweicloud.com,0
https://nr-data.net,0
https://azurefd.net,0
https://ipfs.io/ipfs/bafkreigngu24ecdt3gr4xtc5llrkxe5hwr4sp5r46knizyu7mavso64y3e,1
https://www.kkinstagram.com/reel/DQEuxUwDvOG/,1
https://dccnet.com.cn,0
https://foxnews.com,0
https://media.net,0
https://trafficmanager.net,0
https://vecdnlb.com,0
https://workers.dev,0
https://tnnj-wahtsapp.com/changjianwenti/86524ed8761eb8f.html,1
https://pub-e66b4b88b1d24aeeaf754f0ecee122c7.r2.dev/index.html?8b8ee87,1
https://expireddomains.com,0
https://wh1482014.ispot.cc/bv/,1
https://verisign.com,0
https://lntermalico.onlinetfe.com/index.html,1
http://kkinstagram.com/reel/DQCgvDCirHV/?igsh=MTBtYXlra2d1ZHFwNA==,1
https://auaumx2.sspl.com.ausspl.com.auaumx2.sspl.com.aucom.auaumx2.sspl.com.auaumx2.sspl.com.auaumx2.sspl.com.au/mobile/front/,1
https://nginx.com,0
https://worker-polished-dust-1f0f.theobrienz1.workers.dev/cdn-cgi,1
https://bxdp-wahtsapp.com/changjianwenti/86524ed8761eb8f.html,1
https://ft-cll-2mzkaldlwpfgg.fullrestores.re/index.php?idjk=dmxBanZxYmx3VmhXL0hmL3RtaENzZz09&rdyu=&lsdt=&adsp=Nk9kUDBmN2dzT3VqbGlFc3psUDhGUT09&cte=emNPM1VyQnJlemoxQ3dUdW84MGFNbkpqbi82RnpVRS9zN1pWMU55VWIrZz0=,1
https://cloud.microsoft,0
https://login.tklifemall.com/,1
https://snapchat.com,0
https://addtoany.com,0
http://kuoinlogn-kucogin.godaddysites.com/,1
https://ui.com,0
https://springer.com,0
https://heytapmobile.com,0
https://cornell.edu,0
https://madinat-misr.com/.pelican/polog/,1
https://sc-cdn.net,0
https://ivi.ru,0
https://duolingo.com,0
https://ok.ru,0
https://root-servers.net,0
https://wbbasket.ru,0
https://adsrvr.org,0
https://www-pageadss.ubpages.com/usa2025,1
https://google.co.uk,0
https://discord.gg,0
https://edgecdn.ru,0
https://www.test.tklifemall.com/,1
https://metalyx-network.pages.dev/,1
https://xiaomi.net,0
https://weebly.com,0
https://tiktokv.com,0
https://xerra-hub.pages.dev/,1
https://browser-intake-datadoghq.com,0
https://linkedin.com,0
https://okcdn.ru,0
https://live-video.net,0
https://whatsapp.com,0
https://profile-addconnecte.tempurl.host/espace-client/login-ACLIqWDKsRui7AL3yTAw6C1er/app-home/nkl-log.php,1
https://azureedge.net,0
http://appbit-2c.exchange/,1
https://bit.ly,0
https://wordpress.com,0
https://8651142739rupesh-bot.github.io/loginpagenet/,1
https://speedtest.net,0
https://aol.com,0
https://medium.com,0
https://googlesyndication.com,0
https://lencr.org,0
https://washingtonpost.com,0
https://mysql.com,0
https://npr.org,0
https://quora.com,0
https://douyincdn.com,0
https://mediatek.com,0
https://autodesk.com,0
https://scdn.co,0
https://drom.ru,0
https://openx.net,0
http://pub-57dccb7d84554e249a65ad7103285e5c.r2.dev/zim-mess.html,1
https://business-for-advertisers-bullying-impersonation.pages.dev/,1
https://meta-envelop.pages.dev/,1
https://cpanel.net,0
https://cajaahorroo.sbs/,1
https://wixsite.com,0
https://ipfs.io/ipfs/bafkreic6r3jyhu6mqlblq3qfw7ixtp7bfv6xuutzdlhemflnjab625kdb4,1
https://checkpoint.com,0
https://wb.ru,0
https://kwaipros.com,0
https://line.me,0
https://d0f.alphaonehire.com.au/mobile/login/,1
https://harvard.edu,0
https://serverlicenses.com/produbnc/,1
https://2mdn.net,0
https://reg.ru,0
https://dns.cn,0
https://uol.com.br,0
https://02-pontos-exclusivos.dynv6.net/mobile/index.php?hash=853402504,1
https://cdninstagram.com,0
https://googleadservices.com,0
https://tiktokrow-cdn.com,0
http://ttkrecebeudodia.shop/,1
https://461e91.ezbuyfast.com/461e91/39841_ff83ce59c79de0ac4bfbd4922fcc5194.html?3mail@a.b.c0,1
https://mynetname.net,0
https://cookiedatabase.org,0
https://debian.org,0
https://canva.com,0
https://pontoatendimento-seguro.site/inicio/,1
https://playstation.net,0
https://blogspot.com,0
https://creativecommons.org,0
https://lvgseguranca.com.br/wp-includes/5678fsghaj378dsh/q456378evbsnd/wa.html,1
https://www.d0f.alphaonehire.com.au/mobile/front/,1
https://indenizacaoserara.site/home/,1
http://meta-orchard.pages.dev/,1
https://www.auaulive.sspl.com.au/mobile/front/,1
https://overload.su,0
https://metalyx-hubx.pages.dev/,1
https://t.co,0
https://cloudflare.net,0
https://eservicebits.com/landingpages/fe996bbf-3dce-487c-acd3-4a69200fa8a0/IaCXJD89fjfWS0oixrYZrvRS8Z3SFspvH9WoKT0QQn4,1
https://dns.google,0
https://sohu.com,0
https://vedcdnlb.com,0
https://ampproject.org,0
https://adtrafficquality.google,0
https://ipfs.io/ipfs/bafkreicxooicnu7yasc5o6zmnjxv2rbau4fgrj5z7ijc7rvlprgstfz7bq,1
http://app-tkglobestore.top/,1
https://miui.com,0
https://mi.com,0
https://whats-yv.vip/,1
https://xhamster.com,0
https://oracle.com,0
http://www.dxna.vercelv-04.biz.id/n19192992929.html,1
https://shorten.so/Contacthelpcenter2025,1
https://business-for-business-transformation-support-labs.pages.dev/,1
https://tucajadeahorrspa.web.app/,1
https://jomodns.com,0
https://zoom.us,0
https://www.bbj-wahst5pp.com/changjianwenti/86524ed8761eb8f.html,1
https://9cc1ecf6propos.teen-blowjob-tube.com/procord19a80035452,1
https://aumail7.sspl.com.aumail7.sspl.com.ausspl.com.aumail7.sspl.com.aumail7.sspl.com.aumail7.sspl.com.aucom.aumail7.sspl.com.aumail7.sspl.com.ausspl.com.aumail7.sspl.com.aumail7.sspl.com.au/mobile/login/,1
https://fastly.net,0
https://kkinstagram.com/reel/DKU7cIwqnDI/?igsh=MWZlYndnY2Jmdzdo,1
https://tiktokcdn-eu.com,0
https://imap.sspl.com.au/mobile/front,1
https://cdn77.org,0
https://nytimes.com,0
https://google.com.hk,0
https://kkinstagram.com/reel/DP648kbjP0Q/?igsh=cnpuNG5kenAyYng5,1
https://apparent-places-347293.framer.app/,1
https://talion-zone.pages.dev/,1
https://static.microsoft,0
https://a2z.com,0
https://dnsmadeeasy.com,0
https://casalemedia.com,0
https://com.auaumx2.sspl.com.aucom.auaumx2.sspl.com.aucom.auaumx2.sspl.com.auaumx2.sspl.com.auaumx2.sspl.com.au/mobile/front,1
https://tinyurl.com,0
https://wa.me,0
http://b113f.xyz/,1
https://b-msedge.net,0
https://omtrdc.net,0
http://sign-upguld0n.godaddysites.com/,1
http://tokenmintapace60.vercel.app/,1
https://meta-datavault.pages.dev/,1
https://gmail.com,0
https://gravatar.com,0
https://spov-msedge.net,0
https://x.com,0
https://sspl.com.auaumx2.sspl.com.auaumx2.sspl.com.aucom.auaumx2.sspl.com.aucom.auaumx2.sspl.com.auaumx2.sspl.com.auaumx2.sspl.com.au/mobile/front,1
https://netflix.com,0
https://mikrotik.com,0
https://icloud.com,0
https://prosperwealth18-code.github.io/netflix-clone/,1
https://yahooservicemail22.weeblysite.com/,1
https://live.com,0
https://tradingview.com,0
https://google-analytics.com,0
http://hlttpss-www-roblox.com/,1
https://meta-unitcore.pages.dev/,1
https://amplitude.com,0
https://wsj.com,0
https://shifen.com,0
https://netease.com,0
https://meraki.com,0
http://nodepact.com/,1
https://moe.video,0
https://safebrowsing.apple,0
https://my.com,0
https://hjft-wahtsapp.com/changjianwenti/86524ed8761eb8f.html,1
https://list-manage.com,0
https://spo-msedge.net,0
https://google.de,0
https://bbc.co.uk,0
https://aumail7.sspl.com.au/mobile/front/,1
https://aliyuncs.com,0
https://aws.dev,0
https://comcast.com,0
http://live-ledger-eng.netlify.app/,1
http://iotloye.digital/,1
https://gtld-servers.net,0
https://tiktokcdn-us.com,0
https://meta-empathy.pages.dev/,1
http://casefb294190-nubc.vercel.app/?naps,1
https://aadeboye966.wixsite.com/yahooatt,1
https://samsung.com,0
https://criteo.com,0
https://doubleverify.com,0
https://youtu.be,0
https://2gis.com,0
https://youtube.com,0
https://espn.com,0
http://meta-msk-us-loggin.godaddysites.com/,1
https://arubanetworks.com,0
https://reactivatingsystem.framer.website/,1
https://akam.net,0
https://www.kkinstagram.com/reel/DPZpMSIiv_E/,1
https://dnsowl.com,0
https://ax-msedge.net,0
https://app-d0cus1gn-update.xo.je/?i=1,1
https://rbxcdn.com,0
https://sanaldosyam.net/giris.php,1
https://nature.com,0
https://store.communityartworld.com/sharedfiles/filedetails/id=37895845/,1
https://tripadvisor.com,0
https://www.blckfilogdotcom.godaddysites.com/,1
https://rapidaavalie.shop/acessaragora.shop/branca/index.html,1
https://feiraodeoutubros2025.github.io/jf2/inicio/,1
https://yandex.ru,0
https://allocation-uniswap.com/,1
